{
  "Corrective": {
    "count": 135,
    "no_context_acc": 0.0,
    "regular_mrag_acc": 53.333333333333336,
    "alfar_acc": 72.5925925925926,
    "delta_regular_mrag": 53.333333333333336,
    "delta_alfar": 72.5925925925926,
    "delta_alfar_vs_regular": 19.25925925925926
  },
  "Neutral": {
    "count": 402,
    "no_context_acc": 100.0,
    "regular_mrag_acc": 77.61194029850746,
    "alfar_acc": 93.28358208955224,
    "delta_regular_mrag": -22.388059701492537,
    "delta_alfar": -6.71641791044776,
    "delta_alfar_vs_regular": 15.671641791044777
  },
  "Misleading": {
    "count": 292,
    "no_context_acc": 0.0,
    "regular_mrag_acc": 32.19178082191781,
    "alfar_acc": 38.35616438356164,
    "delta_regular_mrag": 32.19178082191781,
    "delta_alfar": 38.35616438356164,
    "delta_alfar_vs_regular": 6.164383561643831
  }
}